id;full_name;date_of_birth;created_at;updated_at
1;dreamily;2024-07-23T08:54:15;2024-07-23T07:28:58;2024-07-23T02:57:45
2;pish now lemur;2024-07-22T15:13:34;2024-07-23T02:13:19;2024-07-22T21:53:12
3;however prize sibling;2024-07-22T18:15:06;2024-07-23T02:03:21;2024-07-23T06:35:57
4;throughout polite given;2024-07-22T20:01:34;2024-07-22T22:10:25;2024-07-23T05:05:58
5;bypass decimal;2024-07-23T03:31:06;2024-07-22T17:02:01;2024-07-22T12:10:07
6;direct gee why;2024-07-22T20:42:28;2024-07-22T09:58:27;2024-07-22T21:42:53
7;spanish ham hastily;2024-07-22T20:38:46;2024-07-22T22:17:15;2024-07-22T21:38:49
8;indeed promote destabilize;2024-07-23T00:31:02;2024-07-23T02:32:06;2024-07-22T19:42:00
9;capsize furthermore;2024-07-22T22:48:43;2024-07-23T05:26:27;2024-07-23T00:35:31
10;unimpressively uh-huh circa;2024-07-23T01:42:35;2024-07-22T23:49:31;2024-07-22T22:34:57
